"Canon EOS 2000D / Rebel T7 Digital SLR Camera 24.1MP with 18-55mm Zoom Lens + ZeeTech Accessory Bundle, 2 Pack SanDisk 32GB Memory Card, Telephoto and Wideangle Lenses, Flash, Tripod",519,/gp/slredirect/picassoRedirect.html/ref=pa_sp_atf_aps_sr_pg1_1?ie=UTF8&adId=A0312909OGXIEE6SR7SE&url=%2FEOS-2000D-ZeeTech-Accessory-Telephoto%2Fdp%2FB091MGBBQ3%2Fref%3Dsr_1_1_sspa%3Fdchild%3D1%26keywords%3Dcanon%2B5d%26qid%3D1634576139%26sr%3D8-1-spons%26psc%3D1%26smid%3DA1HS6B63BA407T&qualifier=1634576139&id=5111585056158374&widgetName=sp_atf
Canon EOS 5D Mark IV Full Frame Digital SLR Camera Body,2699,/Canon-Mark-Frame-Digital-Camera/dp/B01KURGS9E/ref=sr_1_2?dchild=1&keywords=canon+5d&qid=1634576139&sr=8-2
Canon EOS 5D Mark IV Full Frame Digital SLR Camera Body (Renewed),2377,/Canon-EOS-5D-Mark-IV/dp/B07DTW9B8P/ref=sr_1_3?dchild=1&keywords=canon+5d&qid=1634576139&sr=8-3
Canon EOS 5D Mark III 22.3 MP Full Frame CMOS with 1080p Full-HD Video Mode Digital SLR Camera (Body),2999,/Canon-Frame-Full-HD-Digital-Camera/dp/B007FGYZFI/ref=sr_1_4?dchild=1&keywords=canon+5d&qid=1634576139&sr=8-4
Canon EOS 5D Mark IV DSLR Body - with Canon BG-E20 Battery Grip,2899,/Canon-5D-Mark-IV-DSLR/dp/B0779PCYR9/ref=sr_1_5?dchild=1&keywords=canon+5d&qid=1634576139&sr=8-5
Canon EOS 5D 12.8 MP Digital SLR Camera (Body Only),,/Canon-12-8-Digital-Camera-Body/dp/B0007Y791C/ref=sr_1_6?dchild=1&keywords=canon+5d&qid=1634576139&sr=8-6
Canon EOS 5D Mark III 22.3 MP Full Frame CMOS with 1080p Full-HD Video Mode Digital SLR Camera (Body),2798,/Canon-Frame-Full-HD-Digital-Camera/dp/B00SMNZ0P2/ref=sr_1_7?dchild=1&keywords=canon+5d&qid=1634576139&sr=8-7
Canon EOS 5D Mark II Full Frame DSLR Camera (Body Only) (OLD MODEL),1499,/Canon-Mark-Frame-Camera-MODEL/dp/B001G5ZTLS/ref=sr_1_8?dchild=1&keywords=canon+5d&qid=1634576139&sr=8-8
Canon EOS 5D Mark IV DSLR Body with Canon Log,,/Canon-Mark-Digital-Camera-Body/dp/B0101S4BSM/ref=sr_1_9?dchild=1&keywords=canon+5d&qid=1634576139&sr=8-9
"Video Camera Camcorder 4K 60FPS kicteck Ultra HD Digital WiFi Camera 48MP 3 inch Touch Screen Night Vision 16X Digital Zoom Recorder with External Microphone, Remote Control, Lens Hood, Stabilizer",149,/gp/slredirect/picassoRedirect.html/ref=pa_sp_mtf_aps_sr_pg1_1?ie=UTF8&adId=A01062641BTCANI9N07I4&url=%2FCamcorder-kicteck-Recorder-Microphone-Stabilizer%2Fdp%2FB08LH8Z21G%2Fref%3Dsr_1_10_sspa%3Fdchild%3D1%26keywords%3Dcanon%2B5d%26qid%3D1634576139%26sr%3D8-10-spons%26psc%3D1&qualifier=1634576139&id=5111585056158374&widgetName=sp_mtf
"Canon EOS5DMK4 EOS 5D Mark IV DSLR Camera (Body Only) International Version (No Warranty), Black",,/Canon-EOS5DMK4-International-Version-Warranty/dp/B01KZ4XI36/ref=sr_1_11?dchild=1&keywords=canon+5d&qid=1634576139&sr=8-11
"Canon EOS 6D Mark II Digital SLR Camera Body, Wi-Fi Enabled",,/Canon-Mark-Digital-Camera-Body/dp/B072MZCJKN/ref=sr_1_12?dchild=1&keywords=canon+5d&qid=1634576139&sr=8-12
Fujifilm X-T4 Mirrorless Camera Body - Silver,1699,/Fujifilm-X-T4-Mirrorless-Camera-Body/dp/B084ZTN8W5/ref=sr_1_13?dchild=1&keywords=canon+5d&qid=1634576139&sr=8-13
Canon EOS Rebel T7 DSLR Camera Bundle with Canon EF-S 18-55mm f/3.5-5.6 is II Lens + 2pc SanDisk 32GB Memory Cards + Accessory Kit,599,/Canon-T7-18-55mm-3-5-5-6-Accessory/dp/B07P15K8Q7/ref=sr_1_14?dchild=1&keywords=canon+5d&qid=1634576139&sr=8-14
Sunwayfoto PCL-5DIV QR L Plate for Canon 5D Mark IV III 5DSR Arca/RRS Compatible Sunway,49,/gp/slredirect/picassoRedirect.html/ref=pa_sp_mtf_aps_sr_pg1_1?ie=UTF8&adId=A00314002YZZHV3ZGYAE1&url=%2FSunwayfoto-PCL-5DIV-Plate-Compatible-Sunway%2Fdp%2FB0863BTQP8%2Fref%3Dsr_1_15_sspa%3Fdchild%3D1%26keywords%3Dcanon%2B5d%26qid%3D1634576139%26sr%3D8-15-spons%26psc%3D1&qualifier=1634576139&id=5111585056158374&widgetName=sp_mtf
"Canon EOS R Mirrorless Full Frame Camera w/ RF24-105mm F4-7.1 IS STM Lens Kit, Vlogging Camera 4K, Content Creator Camera, Wi-Fi, 30.3 MP Full-Frame CMOS Sensor, Dual Pixel CMOS AF (Body + Lens)",1899,/Canon-Plus-RF24-105mm-F4-7-1-Black/dp/B088MMTS9P/ref=sr_1_16?dchild=1&keywords=canon+5d&qid=1634576139&sr=8-16
"Canon DSLR Camera [EOS 90D] with Built-in Wi-Fi, Bluetooth, DIGIC 8 Image Processor, 4K Video, Dual Pixel CMOS AF, and 3.0 Inch Vari-Angle Touch LCD Screen, [Body Only], Black",,/Canon-Digital-Camera-Black-3616C002/dp/B07WFQYDD5/ref=sr_1_17?dchild=1&keywords=canon+5d&qid=1634576139&sr=8-17
"Canon DSLR Camera [EOS 90D] with 18-135 is USM Lens | Built-in Wi-Fi, Bluetooth, DIGIC 8 Image Processor, 4K Video, Dual Pixel CMOS AF, and 3.0 Inch Vari-Angle Touch LCD Screen, Black",1599,/Canon-Digital-Camera-18-135-Lens/dp/B07WHV3HXL/ref=sr_1_18?dchild=1&keywords=canon+5d&qid=1634576139&sr=8-18
"Canon Full Frame Mirrorless Camera [EOS R]| Vlogging Camera (Body) with 30.3 MP Full-Frame CMOS Sensor, Dual Pixel CMOS AF, Wi-Fi, and 4K Video Recording up to 30 fps",1599,/Canon-Mirrorless-Digital-Camera-Body/dp/B07H484HLT/ref=sr_1_19?dchild=1&keywords=canon+5d&qid=1634576139&sr=8-19
Lightdow 420-800mm f/8.3 Manual Zoom Super Telephoto Lens + T Mount Ring for Canon EOS 80D 90D Rebel T3 T3i T4i T5 T5i T6 T7 T6i T7i SL1 SL2 60D 70D 77D 5D III/5D IV 6D 7D/7D II Camera (White Version),99,/gp/slredirect/picassoRedirect.html/ref=pa_sp_btf_aps_sr_pg1_1?ie=UTF8&adId=A067911356YHMLECNXV4&url=%2FLightdow-420-800mm-Manual-Telephoto-Version%2Fdp%2FB08GQ52BKK%2Fref%3Dsr_1_20_sspa%3Fdchild%3D1%26keywords%3Dcanon%2B5d%26qid%3D1634576139%26sr%3D8-20-spons%26psc%3D1%26smid%3DA27W2Z6R7RNEOR&qualifier=1634576139&id=5111585056158374&widgetName=sp_btf
SmallRig Cage for Canon 5D Mark III IV CCC2271,84,/gp/slredirect/picassoRedirect.html/ref=pa_sp_btf_aps_sr_pg1_1?ie=UTF8&adId=A00899671DGKNDY0C9MB0&url=%2FSMALLRIG-Cage-Canon-Mark-CCC2271%2Fdp%2FB07RDJHMZY%2Fref%3Dsr_1_21_sspa%3Fdchild%3D1%26keywords%3Dcanon%2B5d%26qid%3D1634576139%26sr%3D8-21-spons%26psc%3D1&qualifier=1634576139&id=5111585056158374&widgetName=sp_btf
Pixel Timer Shutter Release TW283-N3 Wireless Remote Control for Canon 5D Mark III/ 5D Mark IV/ 5D 6D /7D Mark II/ 7D 50D 40D 30D D60 D30 1DX MARKII,39,/gp/slredirect/picassoRedirect.html/ref=pa_sp_btf_aps_sr_pg1_1?ie=UTF8&adId=A03865104T2MOAI30B0F&url=%2FShutter-Release-TW283-N3-Wireless-Control%2Fdp%2FB07S8LCGZP%2Fref%3Dsr_1_22_sspa%3Fdchild%3D1%26keywords%3Dcanon%2B5d%26qid%3D1634576139%26sr%3D8-22-spons%26psc%3D1&qualifier=1634576139&id=5111585056158374&widgetName=sp_btf
"FeiyuTech AK2000C Gimbal 3-Axis Handheld Stabilizer for Mirrorless/DSLR Cameras Like Sony a9/a7/A6300/A6400,CANON EOS R,M50,80D,Panasonic GH4,GH5,Nikon Z7,FUJIFILM XT4/XT3,4.85 lb Payload,Quick Charge",239,/gp/slredirect/picassoRedirect.html/ref=pa_sp_atf_next_aps_sr_pg2_1?ie=UTF8&adId=A025349113MZUXC2F5EKO&url=%2FFeiyuTech-AK2000C-Stabilizer-Mirrorless-Panasonic%2Fdp%2FB088M5MRMS%2Fref%3Dsr_1_17_sspa%3Fdchild%3D1%26keywords%3Dcanon%2B5d%26qid%3D1634576142%26sr%3D8-17-spons%26psc%3D1%26smid%3DAS3N1DMZOJ39E&qualifier=1634576142&id=8938727066732244&widgetName=sp_atf_next
Altura Photo Professional Camera Rain Cover for Canon Nikon Sony DSLR & Mirrorless Cameras - Altura Photo Camera Accessories for Photography Rain Gear,17,/gp/slredirect/picassoRedirect.html/ref=pa_sp_atf_next_aps_sr_pg2_1?ie=UTF8&adId=A03436152NLBR6VAGXHDA&url=%2FAltura-Photo-Professional-Cover-Cameras%2Fdp%2FB004AH10K8%2Fref%3Dsr_1_18_sspa%3Fdchild%3D1%26keywords%3Dcanon%2B5d%26qid%3D1634576142%26sr%3D8-18-spons%26psc%3D1&qualifier=1634576142&id=8938727066732244&widgetName=sp_atf_next
"Canon EOS R5 Full-Frame Mirrorless Camera with 8K Video, 45 Megapixel Full-Frame CMOS Sensor, DIGIC X Image Processor, Dual Memory Card Slots, and Up to 12 fps Mechnical Shutter, Body Only",3899,/Canon-Full-Frame-Mirrorless-Megapixel-Processor/dp/B08C68F2DX/ref=sr_1_19?dchild=1&keywords=canon+5d&qid=1634576142&sr=8-19
"Canon EOS M50 Mark II Content Creator Kit, Mirrorless 4K Vlogging Camera Kit Includes EF-M 15-45mm Lens, Tripod Grip, Stereo Microphone",,/Canon-Content-Mirrorless-Vlogging-Microphone/dp/B08YP52CV4/ref=sr_1_20?dchild=1&keywords=canon+5d&qid=1634576142&sr=8-20
Canon EOS 5D Mark IV DSLR Camera ( Body Only ) - Deal-Expo Accessories Bundle,2389,/Canon-Mark-DSLR-Camera-Body/dp/B077H3KD19/ref=sr_1_21?dchild=1&keywords=canon+5d&qid=1634576142&sr=8-21
Canon EOS Rebel T7 DSLR Camera with 18-55mm Lens | Built-in Wi-Fi | 24.1 MP CMOS Sensor | DIGIC 4+ Image Processor and Full HD Videos,,/Canon-Rebel-T7-18-55mm-II/dp/B07C2Z21X5/ref=sr_1_22?dchild=1&keywords=canon+5d&qid=1634576142&sr=8-22
"Canon PowerShot Vlogging Camera [G7X Mark III] 4K Video Streaming Camera, Vertical 4K Video Support with Wi-Fi, NFC and 3.0-inch Touch Tilt LCD, Silver",,/Canon-PowerShot-Digital-Camera-Screen/dp/B07TMRKP5T/ref=sr_1_23?dchild=1&keywords=canon+5d&qid=1634576142&sr=8-23
Canon EOS 4000D DSLR Camera w/Canon EF-S 18-55mm F/3.5-5.6 III Zoom Lens + Case + 32GB SD Card (15pc Bundle),439,/Canon-EOS-4000D-18-55mm-3-5-5-6/dp/B07WGQVT1X/ref=sr_1_24?dchild=1&keywords=canon+5d&qid=1634576142&sr=8-24
"Canon PowerShot Digital Camera [G7 X Mark II] with Wi-Fi & NFC, LCD Screen, and 1-Inch Sensor - Black, 100 - 1066C001",,/Canon-PowerShot-Digital-Camera-Screen/dp/B01BV14OXA/ref=sr_1_25?dchild=1&keywords=canon+5d&qid=1634576142&sr=8-25
Canon EOS 2000D / Rebel T7 Camera with EF-S 18-55mm f/3.5-5.6 III Lens (Black) + 16GB Memory Card + Pixi Basic Accessories,430,/2000D-Camera-18-55mm-3-5-5-6-Accessories/dp/B07RY9X68W/ref=sr_1_26?dchild=1&keywords=canon+5d&qid=1634576142&sr=8-26
"Macro Lens Tube Extension for Canon DSLR, Micnova KK-C68 Pro Auto Focus Macro Extension Tube Set for Canon EOS EF & EF-S Mount 5D2 5D3 6D 650D 750D Film Cameras (12mm 20mm and 36mm Tubes)",59,/gp/slredirect/picassoRedirect.html/ref=pa_sp_mtf_aps_sr_pg2_1?ie=UTF8&adId=A07408871JD47ENTHSZ7K&url=%2FMicnova-KK-C68-Focus-Extension-Cameras%2Fdp%2FB00EM7OFV2%2Fref%3Dsr_1_27_sspa%3Fdchild%3D1%26keywords%3Dcanon%2B5d%26qid%3D1634576142%26sr%3D8-27-spons%26psc%3D1&qualifier=1634576142&id=8938727066732244&widgetName=sp_mtf
"Flash Diffuser Light Softbox 6x5” by Altura Photo (Universal, Collapsible with Storage Pouch) for Canon, Yongnuo and Nikon Speedlight",12,/gp/slredirect/picassoRedirect.html/ref=pa_sp_mtf_aps_sr_pg2_1?ie=UTF8&adId=A01469223GSZ7PPAFKTV9&url=%2FAltura-Photo-Universal-Collapsible-Speedlight%2Fdp%2FB01ERRQ802%2Fref%3Dsr_1_28_sspa%3Fdchild%3D1%26keywords%3Dcanon%2B5d%26qid%3D1634576142%26sr%3D8-28-spons%26psc%3D1&qualifier=1634576142&id=8938727066732244&widgetName=sp_mtf
"Canon EOS RP Full Frame Mirrorless Vlogging Portable Digital Camera with 26.2MP Full-Frame CMOS Sensor, Wi-Fi , Bluetooth, 4K Video Recording and 3.0” Vari-angle Touch LCD Screen, Body, Black,",999,/Canon-EOS-Mirrorless-Camera-Body/dp/B07N9KDCGV/ref=sr_1_29?dchild=1&keywords=canon+5d&qid=1634576142&sr=8-29
"Canon EOS R6 Full-Frame Mirrorless Camera + RF24-105mm F4-7.1 is STM Lens Kit, Black (4082C022)",2799,/Canon-Full-Frame-Mirrorless-RF24-105mm-4082C022/dp/B08BW8H44J/ref=sr_1_30?dchild=1&keywords=canon+5d&qid=1634576142&sr=8-30
OLYMPUS OM-D E-M10 Mark IV Silver Body with Silver M.Zuiko Digital ED 14-42mm F3.5-5.6 EZ Lens Kit,799,/Olympus-M-Zuiko-Digital-14-42mm-F3-5-5-6/dp/B08D5XVHNM/ref=sr_1_31?dchild=1&keywords=canon+5d&qid=1634576142&sr=8-31
Canon EOS M50 Mark II + EF-M 15-45mm is STM Kit Black,,/Canon-Mark-EF-M-15-45mm-Black/dp/B08KSKV35C/ref=sr_1_32?dchild=1&keywords=canon+5d&qid=1634576142&sr=8-32
Canon EOS 7D 18 MP CMOS Digital SLR Camera Body Only (discontinued by manufacturer),829,/Canon-Digital-Camera-discontinued-manufacturer/dp/B002NEGTTW/ref=sr_1_33?dchild=1&keywords=canon+5d&qid=1634576142&sr=8-33
"Canon EOS REBEL SL3 Digital SLR Camera with EF-S 18-55mm Lens kit, Built-in Wi-Fi, Dual Pixel CMOS AF and 3.0 Inch Vari-Angle Touch Screen, Black",,/Canon-Rebel-18-55mm-Lens-Black/dp/B07QBD256Y/ref=sr_1_34?dchild=1&keywords=canon+5d&qid=1634576142&sr=8-34
Canon EOS-1DX Mark II DSLR Camera (Body Only),,/Canon-EOS-1DX-Mark-DSLR-Camera/dp/B01B6OTTIM/ref=sr_1_35?dchild=1&keywords=canon+5d&qid=1634576142&sr=8-35
Canon EOS 7D Mark II Digital SLR Camera (Body Only),,/Canon-Mark-Digital-Camera-Body/dp/B00NEWZDRG/ref=sr_1_36?dchild=1&keywords=canon+5d&qid=1634576142&sr=8-36
Pixel Timer Shutter Release TW283-N3 Wireless Remote Control for Canon 5D Mark III/ 5D Mark IV/ 5D 6D /7D Mark II/ 7D 50D 40D 30D D60 D30 D2000 R5 R6,39,/gp/slredirect/picassoRedirect.html/ref=pa_sp_btf_aps_sr_pg2_1?ie=UTF8&adId=A10100401ZLNJR1VG8KB3&url=%2FShutter-Release-TW283-N3-Wireless-Control%2Fdp%2FB08NZT64MD%2Fref%3Dsr_1_37_sspa%3Fdchild%3D1%26keywords%3Dcanon%2B5d%26qid%3D1634576142%26sr%3D8-37-spons%26psc%3D1&qualifier=1634576142&id=8938727066732244&widgetName=sp_btf
PhotoTrust Battery Door Cover Lid Cap Replacement Repair Part Compatible with Canon 5D Mark IV 5D4 5DS DSLR Digital Camera,7,/gp/slredirect/picassoRedirect.html/ref=pa_sp_btf_aps_sr_pg2_1?ie=UTF8&adId=A007382328ZH8ZF3N17C6&url=%2FPhotoTrust-Battery-Replacement-Compatible-Digital%2Fdp%2FB09DQBHQVB%2Fref%3Dsr_1_38_sspa%3Fdchild%3D1%26keywords%3Dcanon%2B5d%26qid%3D1634576142%26sr%3D8-38-spons%26psc%3D1%26smid%3DA1G2PVCS67BRM7&qualifier=1634576142&id=8938727066732244&widgetName=sp_btf
"Neewer Camera Shoulder Rig, Video Film Making System Kit for DSLR Camera and Camcorder with Shoulder Mount, 15mm Rod, Handgrip and Matte Box, Compatible with Canon/Nikon/Sony/Pentax/Fujifilm/Panasonic",75,/gp/slredirect/picassoRedirect.html/ref=pa_sp_atf_next_aps_sr_pg3_1?ie=UTF8&adId=A03040736LHXGT5G87CO&url=%2FNeewer-Camcorder-Fujifilm-Panasonic-Include%2Fdp%2FB019W91U7G%2Fref%3Dsr_1_33_sspa%3Fdchild%3D1%26keywords%3Dcanon%2B5d%26qid%3D1634576145%26sr%3D8-33-spons%26psc%3D1%26smid%3DA3VPSRD6K83EXO&qualifier=1634576145&id=1736128440260699&widgetName=sp_atf_next
"Camera Microphone, M-1 Video Microphone for DSLR Interview Shotgun Mic for Canon Nikon Sony Panasonic Fuji Videomic with Windscreen 3.5mm Jack",29,/gp/slredirect/picassoRedirect.html/ref=pa_sp_atf_next_aps_sr_pg3_1?ie=UTF8&adId=A08651541E3NTZSTHH02Q&url=%2FMicrophone-Veksun-Interview-Panasonic-Windscreen%2Fdp%2FB07WND4DB4%2Fref%3Dsr_1_34_sspa%3Fdchild%3D1%26keywords%3Dcanon%2B5d%26qid%3D1634576145%26sr%3D8-34-spons%26psc%3D1&qualifier=1634576145&id=1736128440260699&widgetName=sp_atf_next
Canon EOS 80D Digital SLR Camera Body (Black) (Renewed),869,/Canon-EOS-80D-Certified-Refurbished/dp/B077GXJ1TC/ref=sr_1_35?dchild=1&keywords=canon+5d&qid=1634576145&sr=8-35
"Canon EOS M50 Mirrorless Vlogging Camera Kit with EF-M 15-45mm Lens, Black",649,/Canon-Mirrorless-Camera-EF-M15-45mm-Video/dp/B079Y45KTJ/ref=sr_1_36?dchild=1&keywords=canon+5d&qid=1634576145&sr=8-36
Canon EOS 5DS Digital SLR (Body Only),,/Canon-EOS-Digital-Body-Only/dp/B00T3ERPT8/ref=sr_1_37?dchild=1&keywords=canon+5d&qid=1634576145&sr=8-37
Canon EOS 50D DSLR Camera (Body Only) (Discontinued by Manufacturer),,/Canon-50D-Body-Discontinued-Manufacturer/dp/B001EQ4BVI/ref=sr_1_38?dchild=1&keywords=canon+5d&qid=1634576145&sr=8-38
"Sony a7R III Mirrorless Camera: 42.4MP Full Frame High Resolution Interchangeable Lens Digital Camera with Front End LSI Image Processor, 4K HDR Video and 3"" LCD Screen - ILCE7RM3/B Body, Black",2798,/Sony-a7R-Mirrorless-Camera-Interchangeable/dp/B076TGDHPT/ref=sr_1_39?dchild=1&keywords=canon+5d&qid=1634576145&sr=8-39
"Canon EOS 2000D / Rebel T7 Digital SLR Camera 24.1MP with 18-55mm Zoom Lens + ZeeTech Accessory Bundle, 2 Pack SanDisk 32GB Memory Card, Telephoto and Wideangle Lenses, Flash, Tripod",519,/gp/slredirect/picassoRedirect.html/ref=pa_sp_atf_aps_sr_pg1_1?ie=UTF8&adId=A0312909OGXIEE6SR7SE&url=%2FEOS-2000D-ZeeTech-Accessory-Telephoto%2Fdp%2FB091MGBBQ3%2Fref%3Dsr_1_1_sspa%3Fdchild%3D1%26keywords%3Dcanon%2B5d%26qid%3D1634576196%26sr%3D8-1-spons%26psc%3D1%26smid%3DA1HS6B63BA407T&qualifier=1634576196&id=81598949984966&widgetName=sp_atf
Canon EOS 5D Mark IV Full Frame Digital SLR Camera Body,2699,/Canon-Mark-Frame-Digital-Camera/dp/B01KURGS9E/ref=sr_1_2?dchild=1&keywords=canon+5d&qid=1634576196&sr=8-2
Canon EOS 5D Mark IV Full Frame Digital SLR Camera Body (Renewed),2377,/Canon-EOS-5D-Mark-IV/dp/B07DTW9B8P/ref=sr_1_3?dchild=1&keywords=canon+5d&qid=1634576196&sr=8-3
Canon EOS 5D Mark III 22.3 MP Full Frame CMOS with 1080p Full-HD Video Mode Digital SLR Camera (Body),2999,/Canon-Frame-Full-HD-Digital-Camera/dp/B007FGYZFI/ref=sr_1_4?dchild=1&keywords=canon+5d&qid=1634576196&sr=8-4
"Canon EOS 5D Mark IV Digital SLR Camera Body with Pro Camera Battery Grip, Professional TTL Flash, Deluxe Backpack, Universal Timer Remote Control, Spare LP-E6 Battery (16 Items)",2599,/Canon-EOS-5D-Mark-Professional/dp/B0792HTDLF/ref=sr_1_5?dchild=1&keywords=canon+5d&qid=1634576196&sr=8-5
Canon EOS 5D Mark III 22.3 MP Full Frame CMOS with 1080p Full-HD Video Mode Digital SLR Camera (Body),2798,/Canon-Frame-Full-HD-Digital-Camera/dp/B00SMNZ0P2/ref=sr_1_6?dchild=1&keywords=canon+5d&qid=1634576196&sr=8-6
Canon EOS 5D Mark IV DSLR Body - with Canon BG-E20 Battery Grip,2899,/Canon-5D-Mark-IV-DSLR/dp/B0779PCYR9/ref=sr_1_7?dchild=1&keywords=canon+5d&qid=1634576196&sr=8-7
Canon EOS 5D 12.8 MP Digital SLR Camera (Body Only),,/Canon-12-8-Digital-Camera-Body/dp/B0007Y791C/ref=sr_1_8?dchild=1&keywords=canon+5d&qid=1634576196&sr=8-8
Canon EOS 5D Mark II Full Frame DSLR Camera (Body Only) (OLD MODEL),1499,/Canon-Mark-Frame-Camera-MODEL/dp/B001G5ZTLS/ref=sr_1_9?dchild=1&keywords=canon+5d&qid=1634576196&sr=8-9
"Video Camera Camcorder 4K 60FPS kicteck Ultra HD Digital WiFi Camera 48MP 3 inch Touch Screen Night Vision 16X Digital Zoom Recorder with External Microphone, Remote Control, Lens Hood, Stabilizer",149,/gp/slredirect/picassoRedirect.html/ref=pa_sp_mtf_aps_sr_pg1_1?ie=UTF8&adId=A01062641BTCANI9N07I4&url=%2FCamcorder-kicteck-Recorder-Microphone-Stabilizer%2Fdp%2FB08LH8Z21G%2Fref%3Dsr_1_10_sspa%3Fdchild%3D1%26keywords%3Dcanon%2B5d%26qid%3D1634576196%26sr%3D8-10-spons%26psc%3D1&qualifier=1634576196&id=81598949984966&widgetName=sp_mtf
"Canon EOS 6D Mark II Digital SLR Camera Body, Wi-Fi Enabled",,/Canon-Mark-Digital-Camera-Body/dp/B072MZCJKN/ref=sr_1_11?dchild=1&keywords=canon+5d&qid=1634576196&sr=8-11
Fujifilm X-T4 Mirrorless Camera Body - Silver,1699,/Fujifilm-X-T4-Mirrorless-Camera-Body/dp/B084ZTN8W5/ref=sr_1_12?dchild=1&keywords=canon+5d&qid=1634576196&sr=8-12
Canon EOS 5D Mark IV DSLR Camera with Sigma 70-300mm Lens and Canon EF 50mm Lens + 64GB Sandisk Memory + Camera Case + 2 Batteries + Power Battery Grip with Professional Accessory Bundle (15 Items),2995,/Canon-EOS-Mark-DSLR-Camera/dp/B07KQ54CJP/ref=sr_1_13?dchild=1&keywords=canon+5d&qid=1634576196&sr=8-13
Canon EOS 5D Mark IV Digital SLR Camera Bundle (Body Only) + Professional Accessory Bundle (14 Items),2579,/Canon-5D-IV-Professional-Accessory/dp/B06XDHL3VY/ref=sr_1_14?dchild=1&keywords=canon+5d&qid=1634576196&sr=8-14
Sunwayfoto PCL-5DIV QR L Plate for Canon 5D Mark IV III 5DSR Arca/RRS Compatible Sunway,49,/gp/slredirect/picassoRedirect.html/ref=pa_sp_mtf_aps_sr_pg1_1?ie=UTF8&adId=A00314002YZZHV3ZGYAE1&url=%2FSunwayfoto-PCL-5DIV-Plate-Compatible-Sunway%2Fdp%2FB0863BTQP8%2Fref%3Dsr_1_15_sspa%3Fdchild%3D1%26keywords%3Dcanon%2B5d%26qid%3D1634576196%26sr%3D8-15-spons%26psc%3D1&qualifier=1634576196&id=81598949984966&widgetName=sp_mtf
Canon EOS 5D Mark IV DSLR Camera with Canon 75-300mm Lens and 50mm Lens + 500mm Preset Telephoto Lens + 64GB Memory + Camera Case + 2 Batteries + Power Battery Grip + Professional Accessory Bundle,3099,/Canon-EOS-Mark-DSLR-Camera/dp/B07KQJ179X/ref=sr_1_16?dchild=1&keywords=canon+5d&qid=1634576196&sr=8-16
"Canon EOS 5D Mark IV with 24-105mm f/4 L is II USM + Tamron 70-300mm + 128GB Memory + Canon Camera Bag + Pro Battery Bundle + Power Grip + Microphone + TTL SpeedLight + Pro Filters,(24pc Bundle)",3799,/Canon-EOS-5D-Mark-IV/dp/B07DPVJMPZ/ref=sr_1_17?dchild=1&keywords=canon+5d&qid=1634576196&sr=8-17
"Canon EOS 6D Mark II with 50mm f/1.8 STM Prime Lens + 75-300mm III Lens + 128GB Memory + Pro Battery Bundle + Power Grip + TTL Speed Light + Pro Filters,(24pc Bundle)",1899,/Canon-EOS-6D-Mark-II/dp/B07DX8WPNJ/ref=sr_1_18?dchild=1&keywords=canon+5d&qid=1634576196&sr=8-18
Canon EOS Rebel T7 DSLR Camera Bundle with Canon EF-S 18-55mm f/3.5-5.6 is II Lens + 2pc SanDisk 32GB Memory Cards + Accessory Kit,599,/Canon-T7-18-55mm-3-5-5-6-Accessory/dp/B07P15K8Q7/ref=sr_1_19?dchild=1&keywords=canon+5d&qid=1634576196&sr=8-19
SmallRig Cage for Canon 5D Mark III IV CCC2271,84,/gp/slredirect/picassoRedirect.html/ref=pa_sp_btf_aps_sr_pg1_1?ie=UTF8&adId=A00899671DGKNDY0C9MB0&url=%2FSMALLRIG-Cage-Canon-Mark-CCC2271%2Fdp%2FB07RDJHMZY%2Fref%3Dsr_1_20_sspa%3Fdchild%3D1%26keywords%3Dcanon%2B5d%26qid%3D1634576196%26sr%3D8-20-spons%26psc%3D1&qualifier=1634576196&id=81598949984966&widgetName=sp_btf
Pixel Timer Shutter Release TW283-N3 Wireless Remote Control for Canon 5D Mark III/ 5D Mark IV/ 5D 6D /7D Mark II/ 7D 50D 40D 30D D60 D30 1DX MARKII,39,/gp/slredirect/picassoRedirect.html/ref=pa_sp_btf_aps_sr_pg1_1?ie=UTF8&adId=A03865104T2MOAI30B0F&url=%2FShutter-Release-TW283-N3-Wireless-Control%2Fdp%2FB07S8LCGZP%2Fref%3Dsr_1_21_sspa%3Fdchild%3D1%26keywords%3Dcanon%2B5d%26qid%3D1634576196%26sr%3D8-21-spons%26psc%3D1&qualifier=1634576196&id=81598949984966&widgetName=sp_btf
"YONGNUO Wireless Shutter Release & Flash Trigger RF-603II C3 for Canon DSLR 1D /1DS, EOS 5D Mark II/5D /7D/50D /40D /30D /20D /10D",41,/gp/slredirect/picassoRedirect.html/ref=pa_sp_btf_aps_sr_pg1_1?ie=UTF8&adId=A00867322574KM48C8K6F&url=%2FYONGNUO-Wireless-Shutter-RF-603II-C3%2Fdp%2FB00NL4ZNO0%2Fref%3Dsr_1_22_sspa%3Fdchild%3D1%26keywords%3Dcanon%2B5d%26qid%3D1634576196%26sr%3D8-22-spons%26psc%3D1%26smid%3DAMIHU7JS0U6DA&qualifier=1634576196&id=81598949984966&widgetName=sp_btf
Pixel Timer Shutter Release TW283-N3 Wireless Remote Control for Canon 5D Mark III/ 5D Mark IV/ 5D 6D /7D Mark II/ 7D 50D 40D 30D D60 D30 D2000 R5 R6,39,/gp/slredirect/picassoRedirect.html/ref=pa_sp_atf_next_aps_sr_pg2_1?ie=UTF8&adId=A10100401ZLNJR1VG8KB3&url=%2FShutter-Release-TW283-N3-Wireless-Control%2Fdp%2FB08NZT64MD%2Fref%3Dsr_1_17_sspa%3Fdchild%3D1%26keywords%3Dcanon%2B5d%26qid%3D1634576198%26sr%3D8-17-spons%26psc%3D1&qualifier=1634576198&id=3240234899473263&widgetName=sp_atf_next
"Yongnuo Professional Flash Speedlight Flashlight Yongnuo YN 560 III for Canon Nikon Pentax Olympus Camera / Such as: Canon EOS 1Ds Mark, EOS1D Mark, EOS 5D Mark, EOS 7D, EOS 60D, EOS 600D, EOS 550D, EOS 500D, EOS 1100D (Discontinued by Manufacturer)",75,/gp/slredirect/picassoRedirect.html/ref=pa_sp_atf_next_aps_sr_pg2_1?ie=UTF8&adId=A06278081R3W8UR7V9Y55&url=%2FYongnuo-Professional-Speedlight-Flashlight-Olympus%2Fdp%2FB00BXA7N6A%2Fref%3Dsr_1_18_sspa%3Fdchild%3D1%26keywords%3Dcanon%2B5d%26qid%3D1634576198%26sr%3D8-18-spons%26psc%3D1%26smid%3DAMIHU7JS0U6DA&qualifier=1634576198&id=3240234899473263&widgetName=sp_atf_next
Canon EOS M50 Mark II + EF-M 15-45mm is STM Kit Black,,/Canon-Mark-EF-M-15-45mm-Black/dp/B08KSKV35C/ref=sr_1_19?dchild=1&keywords=canon+5d&qid=1634576198&sr=8-19
"Canon EOS R Mirrorless Full Frame Camera w/ RF24-105mm F4-7.1 IS STM Lens Kit, Vlogging Camera 4K, Content Creator Camera, Wi-Fi, 30.3 MP Full-Frame CMOS Sensor, Dual Pixel CMOS AF (Body + Lens)",1899,/Canon-Plus-RF24-105mm-F4-7-1-Black/dp/B088MMTS9P/ref=sr_1_20?dchild=1&keywords=canon+5d&qid=1634576198&sr=8-20
"Canon DSLR Camera [EOS 90D] with Built-in Wi-Fi, Bluetooth, DIGIC 8 Image Processor, 4K Video, Dual Pixel CMOS AF, and 3.0 Inch Vari-Angle Touch LCD Screen, [Body Only], Black",,/Canon-Digital-Camera-Black-3616C002/dp/B07WFQYDD5/ref=sr_1_21?dchild=1&keywords=canon+5d&qid=1634576198&sr=8-21
Canon EOS 6D Mark II Digital SLR Camera Body (Renewed),1299,/Canon-6D-Digital-Camera-Renewed/dp/B079VGBX2H/ref=sr_1_22?dchild=1&keywords=canon+5d&qid=1634576198&sr=8-22
"Canon DSLR Camera [EOS 90D] with 18-135 is USM Lens | Built-in Wi-Fi, Bluetooth, DIGIC 8 Image Processor, 4K Video, Dual Pixel CMOS AF, and 3.0 Inch Vari-Angle Touch LCD Screen, Black",1599,/Canon-Digital-Camera-18-135-Lens/dp/B07WHV3HXL/ref=sr_1_23?dchild=1&keywords=canon+5d&qid=1634576198&sr=8-23
"Canon EOS 6D Mark II DSLR with EF 24-105mm f/3.5-5.6 is STM Lens with Pro Camera Battery Grip, Professional TTL Flash, Deluxe Backpack, Spare LP-E6 Battery (17 Items)",2199,/Canon-EOS-6D-Mark-Professional/dp/B079448BNQ/ref=sr_1_24?dchild=1&keywords=canon+5d&qid=1634576198&sr=8-24
Canon EOS 6D Mark II DSLR Camera with Canon EF 75-300mm f/4-5.6 III Lens + Canon EF 50mm f/1.8 STM Lens + Fully Dedicated TTL Flash + 64Gb SDXC Card + FB-150 Flash Bracket (22 Items kit),1829,/Canon-Camera-75-300mm-Dedicated-Bracket/dp/B0758Q6YCJ/ref=sr_1_25?dchild=1&keywords=canon+5d&qid=1634576198&sr=8-25
"Canon Full Frame Mirrorless Camera [EOS R]| Vlogging Camera (Body) with 30.3 MP Full-Frame CMOS Sensor, Dual Pixel CMOS AF, Wi-Fi, and 4K Video Recording up to 30 fps",1599,/Canon-Mirrorless-Digital-Camera-Body/dp/B07H484HLT/ref=sr_1_26?dchild=1&keywords=canon+5d&qid=1634576198&sr=8-26
PhotoTrust Battery Door Cover Lid Cap Replacement Repair Part Compatible with Canon 5D Mark IV 5D4 5DS DSLR Digital Camera,7,/gp/slredirect/picassoRedirect.html/ref=pa_sp_mtf_aps_sr_pg2_1?ie=UTF8&adId=A007382328ZH8ZF3N17C6&url=%2FPhotoTrust-Battery-Replacement-Compatible-Digital%2Fdp%2FB09DQBHQVB%2Fref%3Dsr_1_27_sspa%3Fdchild%3D1%26keywords%3Dcanon%2B5d%26qid%3D1634576198%26sr%3D8-27-spons%26psc%3D1%26smid%3DA1G2PVCS67BRM7&qualifier=1634576198&id=3240234899473263&widgetName=sp_mtf
PIXEL TW-283/N3 Wireless Shutter Remote Release Control for Canon 5D Mark III/ 5D Mark IV/ 5D 6D /7D Mark II/ 7D 50D 40D 30D D60 D30 1DX MARKII,39,/gp/slredirect/picassoRedirect.html/ref=pa_sp_mtf_aps_sr_pg2_1?ie=UTF8&adId=A02601763A6L9R7PVRPQ&url=%2FPIXEL-Wireless-Shutter-Release-Control%2Fdp%2FB01LCN48SI%2Fref%3Dsr_1_28_sspa%3Fdchild%3D1%26keywords%3Dcanon%2B5d%26qid%3D1634576198%26sr%3D8-28-spons%26psc%3D1&qualifier=1634576198&id=3240234899473263&widgetName=sp_mtf
"Canon EOS R5 Full-Frame Mirrorless Camera with 8K Video, 45 Megapixel Full-Frame CMOS Sensor, DIGIC X Image Processor, Dual Memory Card Slots, and Up to 12 fps Mechnical Shutter, Body Only",3899,/Canon-Full-Frame-Mirrorless-Megapixel-Processor/dp/B08C68F2DX/ref=sr_1_29?dchild=1&keywords=canon+5d&qid=1634576198&sr=8-29
"Canon EOS 6D Mark II with 50mm f/1.8 STM Prime + Tamron 70-300mm f/4-5.6 Di LD + 500mm Telephoto + 128GB Memory + Pro Battery Bundle + Power Grip + TTL Speed Light + Pro Filters,(25pc Bundle)",1979,/Canon-EOS-6D-Mark-II/dp/B07DXB2ZW3/ref=sr_1_30?dchild=1&keywords=canon+5d&qid=1634576198&sr=8-30
Canon EOS 7D 18 MP CMOS Digital SLR Camera Body Only (discontinued by manufacturer),829,/Canon-Digital-Camera-discontinued-manufacturer/dp/B002NEGTTW/ref=sr_1_31?dchild=1&keywords=canon+5d&qid=1634576198&sr=8-31
"Canon EOS M50 Mark II Content Creator Kit, Mirrorless 4K Vlogging Camera Kit Includes EF-M 15-45mm Lens, Tripod Grip, Stereo Microphone",,/Canon-Content-Mirrorless-Vlogging-Microphone/dp/B08YP52CV4/ref=sr_1_32?dchild=1&keywords=canon+5d&qid=1634576198&sr=8-32
Canon EOS Rebel T7 DSLR Camera with 18-55mm Lens | Built-in Wi-Fi | 24.1 MP CMOS Sensor | DIGIC 4+ Image Processor and Full HD Videos,,/Canon-Rebel-T7-18-55mm-II/dp/B07C2Z21X5/ref=sr_1_33?dchild=1&keywords=canon+5d&qid=1634576198&sr=8-33
Canon EOS 5D Mark IV DSLR Camera ( Body Only ) - Deal-Expo Accessories Bundle,2389,/Canon-Mark-DSLR-Camera-Body/dp/B077H3KD19/ref=sr_1_34?dchild=1&keywords=canon+5d&qid=1634576198&sr=8-34
"Canon EOS 5D Mark IV DSLR Camera w/Canon 24-105mm f/4L II USM, Canon 100-400mm is II USM & Commander 420-800mm Telephoto Lens + Elegant Accessory Kit (2X 64GB Memory Card, Backpack & More.)",5999,/Canon-EOS-5D-Mark-IV/dp/B07YBMZH5M/ref=sr_1_35?dchild=1&keywords=canon+5d&qid=1634576198&sr=8-35
"Canon PowerShot Vlogging Camera [G7X Mark III] 4K Video Streaming Camera, Vertical 4K Video Support with Wi-Fi, NFC and 3.0-inch Touch Tilt LCD, Silver",,/Canon-PowerShot-Digital-Camera-Screen/dp/B07TMRKP5T/ref=sr_1_36?dchild=1&keywords=canon+5d&qid=1634576198&sr=8-36
Canon EOS Rebel T7 Digital SLR Camera with EF-S 18-55mm Zoom Lens + SanDisk 32GB Memory Card + Tripod + Case + Wideangle Lenses + ZeeTech Accessory Bundle (20pc Bundle),559,/gp/slredirect/picassoRedirect.html/ref=pa_sp_btf_aps_sr_pg2_1?ie=UTF8&adId=A05108063P505MT9W2WDV&url=%2FEOS-Rebel-T7-Wideangle-ZeeTech%2Fdp%2FB097CM4XZQ%2Fref%3Dsr_1_37_sspa%3Fdchild%3D1%26keywords%3Dcanon%2B5d%26qid%3D1634576198%26sr%3D8-37-spons%26psc%3D1%26smid%3DA1HS6B63BA407T&qualifier=1634576198&id=3240234899473263&widgetName=sp_btf
"NICEYRIG Cage for Canon 5D 5DS Mark IV III II, Full DSLR Camera Cage with QR Plate for Arca Swiss and NATO Rail Cold Shoe - 267",63,/gp/slredirect/picassoRedirect.html/ref=pa_sp_btf_aps_sr_pg2_1?ie=UTF8&adId=A0662032898X37MWPMS6&url=%2FNICEYRIG-Canon-Camera-Plate-Swiss%2Fdp%2FB082LSWTV6%2Fref%3Dsr_1_38_sspa%3Fdchild%3D1%26keywords%3Dcanon%2B5d%26qid%3D1634576198%26sr%3D8-38-spons%26psc%3D1&qualifier=1634576198&id=3240234899473263&widgetName=sp_btf
"FOTGA DP3000 M4 DSLR Quick Release Follow Focus with A/B Stops for 15mm Rail Rod Rig System,Fits for Sony A7 A7R A7S II III GH4/5/5s,Canon 5D III IV,Nikon D90 D7100 D500",95,/gp/slredirect/picassoRedirect.html/ref=pa_sp_atf_next_aps_sr_pg3_1?ie=UTF8&adId=A06828231JBOPQJHSKK49&url=%2FFOTGA-DP3000-Quick-Release-Follow%2Fdp%2FB00KBTQJ1E%2Fref%3Dsr_1_33_sspa%3Fdchild%3D1%26keywords%3Dcanon%2B5d%26qid%3D1634576202%26sr%3D8-33-spons%26psc%3D1%26smid%3DA1POCZTLJ8H9VM&qualifier=1634576202&id=3814732229847060&widgetName=sp_atf_next
"VETEK 4K Digital Camera, 48MP 16X Digital Zoom Flip Screen Autofocus Camcorder for Photography on YouTube, with Wide-Angle Lens and Macro Lens, 32G Micro Card, 2 Batteries (Pink)",129,/gp/slredirect/picassoRedirect.html/ref=pa_sp_atf_next_aps_sr_pg3_1?ie=UTF8&adId=A10290261LURM3OQH8T5H&url=%2FVETEK-Autofocus-Camcorder-Photography-Wide-Angle%2Fdp%2FB097LKTW2W%2Fref%3Dsr_1_34_sspa%3Fdchild%3D1%26keywords%3Dcanon%2B5d%26qid%3D1634576202%26sr%3D8-34-spons%26psc%3D1&qualifier=1634576202&id=3814732229847060&widgetName=sp_atf_next
"Canon EOS REBEL SL3 Digital SLR Camera with EF-S 18-55mm Lens kit, Built-in Wi-Fi, Dual Pixel CMOS AF and 3.0 Inch Vari-Angle Touch Screen, Black",,/Canon-Rebel-18-55mm-Lens-Black/dp/B07QBD256Y/ref=sr_1_35?dchild=1&keywords=canon+5d&qid=1634576202&sr=8-35
Canon EOS 5D Mark IV Digital SLR Camera Bundle (Body Only) + Accessory Bundle (14 Items),2599,/Canon-EOS-5D-Mark-IV/dp/B06XCZDD9Y/ref=sr_1_36?dchild=1&keywords=canon+5d&qid=1634576202&sr=8-36
"Canon EOS 80D DSLR Camera w/ 18-55mm Lens Bundle + Canon 75-300mm III Lens, Canon 50mm f/1.8 & 500mm Preset Lens + Battery Grip + Deluxe Case + 96GB Memory + Speedlight Flash + Professional Bundle",1599,/Canon-18-55mm-75-300mm-Speedlight-Professional/dp/B07MM6K837/ref=sr_1_37?dchild=1&keywords=canon+5d&qid=1634576202&sr=8-37
Canon EOS 4000D DSLR Camera w/Canon EF-S 18-55mm F/3.5-5.6 III Zoom Lens + Case + 32GB SD Card (15pc Bundle),439,/Canon-EOS-4000D-18-55mm-3-5-5-6/dp/B07WGQVT1X/ref=sr_1_38?dchild=1&keywords=canon+5d&qid=1634576202&sr=8-38
"Canon PowerShot Digital Camera [G7 X Mark II] with Wi-Fi & NFC, LCD Screen, and 1-Inch Sensor - Black, 100 - 1066C001",,/Canon-PowerShot-Digital-Camera-Screen/dp/B01BV14OXA/ref=sr_1_39?dchild=1&keywords=canon+5d&qid=1634576202&sr=8-39
Canon EOS 5D Mark IV DSLR Body with Canon Log,,/Canon-Mark-Digital-Camera-Body/dp/B0101S4BSM/ref=sr_1_40?dchild=1&keywords=canon+5d&qid=1634576202&sr=8-40
"Canon EOS 5D Mark IV DSLR Camera 5 Lens Professional Bundle with Canon 24-105mm USM, 50mm f/1.8 & 75-300mm Lenses + 500mm & 650-1300mm Preset Telephoto Summer Special Wildlife Bundle",4099,/Canon-5D-IV-Professional-650-1300mm/dp/B07RWM5SLD/ref=sr_1_41?dchild=1&keywords=canon+5d&qid=1634576202&sr=8-41
Canon EOS 5D Mark IV DSLR Camera with 50mm f/1.8 & 75-300mm III Lens + 500mm Preset Telephoto Wildlife Bundle,3129,/Canon-Mark-70-300mm-Telephoto-Wildlife/dp/B07RV3VYXW/ref=sr_1_42?dchild=1&keywords=canon+5d&qid=1634576202&sr=8-42
NICEYRIG Hot Shoe Cheese Handle for DSLR Camera Applicable Canon 5d 7d 60d 70d Compatible with Nikon D800,25,/gp/slredirect/picassoRedirect.html/ref=pa_sp_mtf_aps_sr_pg3_1?ie=UTF8&adId=A06509003A7ZQA9O2M5TS&url=%2FNICEYRIG-Cheese-Handle-Applicable-Compatible%2Fdp%2FB0748BMCH1%2Fref%3Dsr_1_43_sspa%3Fdchild%3D1%26keywords%3Dcanon%2B5d%26qid%3D1634576202%26sr%3D8-43-spons%26psc%3D1&qualifier=1634576202&id=3814732229847060&widgetName=sp_mtf
CamDesign 5 Set Camera Body Cap & Lens Cover Cap Canon RF-3 Compatible with Canon EOS 6D Mark II 5D Mark IV III II 5DS 5DR Mark II 77D 6D 7D 80D 70D 60D SL1 T7i T6s T6i T5i T4i T3i T2i T1i XSi XT XTi,9,/gp/slredirect/picassoRedirect.html/ref=pa_sp_mtf_aps_sr_pg3_1?ie=UTF8&adId=A05618733HZKYXGPKGXUO&url=%2FCamDesign-Camera-Body-Cover-Canon%2Fdp%2FB074MK52KP%2Fref%3Dsr_1_44_sspa%3Fdchild%3D1%26keywords%3Dcanon%2B5d%26qid%3D1634576202%26sr%3D8-44-spons%26psc%3D1%26smid%3DA24IKFDQUJKQZF&qualifier=1634576202&id=3814732229847060&widgetName=sp_mtf
Canon EOS 5D Mark IV Digital SLR Camera Bundle with EF 24-105mm f/4L is II USM Lens + Tamron Zoom AF 70-300mm f/4-5.6 Lens + Professional Accessory Bundle (14 Items),3799,/Canon-EOS-5D-Mark-Professional/dp/B06XDJXXMF/ref=sr_1_45?dchild=1&keywords=canon+5d&qid=1634576202&sr=8-45
Canon EOS-1DX Mark II DSLR Camera (Body Only),,/Canon-EOS-1DX-Mark-DSLR-Camera/dp/B01B6OTTIM/ref=sr_1_46?dchild=1&keywords=canon+5d&qid=1634576202&sr=8-46
Canon EOS 2000D / Rebel T7 Camera with EF-S 18-55mm f/3.5-5.6 III Lens (Black) + 16GB Memory Card + Pixi Basic Accessories,430,/2000D-Camera-18-55mm-3-5-5-6-Accessories/dp/B07RY9X68W/ref=sr_1_47?dchild=1&keywords=canon+5d&qid=1634576202&sr=8-47
"Canon EOS RP Full Frame Mirrorless Vlogging Portable Digital Camera with 26.2MP Full-Frame CMOS Sensor, Wi-Fi , Bluetooth, 4K Video Recording and 3.0” Vari-angle Touch LCD Screen, Body, Black,",999,/Canon-EOS-Mirrorless-Camera-Body/dp/B07N9KDCGV/ref=sr_1_48?dchild=1&keywords=canon+5d&qid=1634576202&sr=8-48
"Canon EOS 6D Mark II DSLR Camera (Body Only), Canon BG-E21 Battery Grip, 2 Spare Batteries",1698,/Canon-EOS-6D-II-Body/dp/B077M36W6P/ref=sr_1_49?dchild=1&keywords=canon+5d&qid=1634576202&sr=8-49
"Canon EOS5DMK4 EOS 5D Mark IV DSLR Camera (Body Only) International Version (No Warranty), Black",,/Canon-EOS5DMK4-International-Version-Warranty/dp/B01KZ4XI36/ref=sr_1_50?dchild=1&keywords=canon+5d&qid=1634576202&sr=8-50
Canon EOS 5D Mark IV DSLR Camera Video Kit with Canon EF 24-105mm f/4L is II USM Lens + Wide Angle Lens + 2X Telephoto Lens + Flash + SanDisk 32GB SD Memory Card + Accessory Bundle,3599,/Canon-Creator-24-105mm-Telephoto-Accessory/dp/B074WBZ79W/ref=sr_1_51?dchild=1&keywords=canon+5d&qid=1634576202&sr=8-51
"Canon EOS R6 Full-Frame Mirrorless Camera + RF24-105mm F4-7.1 is STM Lens Kit, Black (4082C022)",2799,/Canon-Full-Frame-Mirrorless-RF24-105mm-4082C022/dp/B08BW8H44J/ref=sr_1_52?dchild=1&keywords=canon+5d&qid=1634576202&sr=8-52
Shenligod Battery Door Cover Lid Cap Replacement Repair Part Compatible with for Canon 5D Mark II 5D2 DSLR Digital Camera (2pcs),8,/gp/slredirect/picassoRedirect.html/ref=pa_sp_btf_aps_sr_pg3_1?ie=UTF8&adId=A02261921S7WA4JUCGAZB&url=%2F%25EF%25BC%25882Pack%25EF%25BC%2589-Battery-Replacement-Compatible-Digital%2Fdp%2FB07PYQR48R%2Fref%3Dsr_1_53_sspa%3Fdchild%3D1%26keywords%3Dcanon%2B5d%26qid%3D1634576202%26sr%3D8-53-spons%26psc%3D1&qualifier=1634576202&id=3814732229847060&widgetName=sp_btf
QUMOX Shutter Release Timer Remote Control Canon 1D 1Ds 5D Mark 2 Mark 3 II III 6D,13,/gp/slredirect/picassoRedirect.html/ref=pa_sp_btf_aps_sr_pg3_1?ie=UTF8&adId=A007693622NUHQOVTYBWO&url=%2FQUMOX-Shutter-Release-Remote-Control%2Fdp%2FB00C1X5DCE%2Fref%3Dsr_1_54_sspa%3Fdchild%3D1%26keywords%3Dcanon%2B5d%26qid%3D1634576202%26sr%3D8-54-spons%26psc%3D1&qualifier=1634576202&id=3814732229847060&widgetName=sp_btf
"waka Rapid Camera Neck Strap with Quick Release and Safety Tether, Adjustable Camera Shoulder Sling Strap for Nikon Canon Sony Olympus DSLR Camera - Black",16,/gp/slredirect/picassoRedirect.html/ref=pa_sp_atf_next_aps_sr_pg4_1?ie=UTF8&adId=A04868242NS8ZARXYGG10&url=%2Fwaka-Release-Comfortable-Durable-Shoulder%2Fdp%2FB07CLXDF9J%2Fref%3Dsr_1_49_sspa%3Fdchild%3D1%26keywords%3Dcanon%2B5d%26qid%3D1634576205%26sr%3D8-49-spons%26psc%3D1&qualifier=1634576205&id=3216508292047815&widgetName=sp_atf_next
Nitze Camera Cage for Canon 5D4 Camera with HDMI Cable Clamp Camera Video Cage Kit - TP-5D4,88,/gp/slredirect/picassoRedirect.html/ref=pa_sp_atf_next_aps_sr_pg4_1?ie=UTF8&adId=A08427459YPJKUG2QWGF&url=%2FNitze-Camera-Canon-Cable-Clamp%2Fdp%2FB0895JD89Y%2Fref%3Dsr_1_50_sspa%3Fdchild%3D1%26keywords%3Dcanon%2B5d%26qid%3D1634576205%26sr%3D8-50-spons%26psc%3D1&qualifier=1634576205&id=3216508292047815&widgetName=sp_atf_next
Canon EOS Rebel SL2 DSLR Camera with EF-S 18-55mm STM Lens - WiFi Enabled,,/Canon-Rebel-DSLR-Camera-18-55mm/dp/B071K62DPN/ref=sr_1_51?dchild=1&keywords=canon+5d&qid=1634576205&sr=8-51
Canon EOS 6D Mark II Wi-Fi Digital SLR Camera Body with BG-E21 Battery Grip,,/Canon-6D-Mark-II-Digital/dp/B077966DHV/ref=sr_1_52?dchild=1&keywords=canon+5d&qid=1634576205&sr=8-52
Canon EOS Rebel SL1 with 18-55mm STM with 55-250mm STM Lenses,,/Canon-Rebel-18-55mm-55-250mm-Lenses/dp/B00L8D06JI/ref=sr_1_53?dchild=1&keywords=canon+5d&qid=1634576205&sr=8-53
EOS 1D Mark III DSLR 10MP CF I/II SD SDHC 3IN LCD USB LI-ION,,/Canon-10-1MP-Digital-Discontinued-Manufacturer/dp/B000NP1C5O/ref=sr_1_54?dchild=1&keywords=canon+5d&qid=1634576205&sr=8-54
Canon EOS 7D 18 MP CMOS Digital SLR Camera Body Only - International Version,,/Canon-CMOS-Digital-Camera-Body/dp/B002NEFL64/ref=sr_1_55?dchild=1&keywords=canon+5d&qid=1634576205&sr=8-55
"Tethering Cable Replacement for Nikon UC-E22, Canon IFC-150U Compatible with Canon 5DS, EOS 5D IV, EOS 7D II, Nikon D5, D500, D800, D800E, D810, D810A, D850 Live Wiev Camera to PC USB Cable 6ft",9,/gp/slredirect/picassoRedirect.html/ref=pa_sp_mtf_aps_sr_pg4_1?ie=UTF8&adId=A06334441VWED6SVF01UG&url=%2FTethering-Replacement-UC-E22-IFC-150U-Compatible%2Fdp%2FB07NWWCF5N%2Fref%3Dsr_1_56_sspa%3Fdchild%3D1%26keywords%3Dcanon%2B5d%26qid%3D1634576205%26sr%3D8-56-spons%26psc%3D1&qualifier=1634576205&id=3216508292047815&widgetName=sp_mtf
PhotoTrust 2 Pieces Battery Door Cover Lid Cap Replacement Repair Part Compatible with Canon 5D Mark III DSLR Digital Camera,8,/gp/slredirect/picassoRedirect.html/ref=pa_sp_mtf_aps_sr_pg4_1?ie=UTF8&adId=A10210602KLV5N2RV63WD&url=%2FPhotoTrust-Battery-Replacement-Compatible-Digital%2Fdp%2FB07XL6PDSM%2Fref%3Dsr_1_57_sspa%3Fdchild%3D1%26keywords%3Dcanon%2B5d%26qid%3D1634576205%26sr%3D8-57-spons%26psc%3D1%26smid%3DA1G2PVCS67BRM7&qualifier=1634576205&id=3216508292047815&widgetName=sp_mtf
Canon EOS 7D Mark II Body Only - International Version,,/Canon-Mark-Body-Only-International/dp/B00NM0X2OG/ref=sr_1_58?dchild=1&keywords=canon+5d&qid=1634576205&sr=8-58
Canon EOS 6D 20.2 MP CMOS Digital SLR Camera with 3.0-Inch LCD (Body Only) - Wi-Fi Enabled - International Version (No Warranty),,/Canon-20-2-Digital-Camera-3-0-Inch/dp/B009C6VADE/ref=sr_1_59?dchild=1&keywords=canon+5d&qid=1634576205&sr=8-59
"Canon EOS-1D X Mark III DSLR Camera | with CFexpress Card & Reader Bundle kit | 20.1 MP Full-Frame CMOS Image Sensor | DIGIC X Image Processor | 4K Video | and Dual CFexpress Card Slots, Black",,/Canon-EOS-1D-CFexpress-Full-Frame-Processor/dp/B083GKJ9NC/ref=sr_1_60?dchild=1&keywords=canon+5d&qid=1634576205&sr=8-60
Canon EOS M Compact System Camera -Black- Body Only,,/Canon-Compact-System-Camera-Black/dp/B00B2A1KEC/ref=sr_1_61?dchild=1&keywords=canon+5d&qid=1634576205&sr=8-61
Canon EOS 40D 10.1MP Digital SLR Camera with EF 28-135mm f/3.5-5.6 IS USM Standard Zoom Lens,,/Canon-Digital-28-135mm-3-5-5-6-Standard/dp/B000V5QV4S/ref=sr_1_62?dchild=1&keywords=canon+5d&qid=1634576205&sr=8-62
Canon EOS-5D Mark II EOS 5D Mark 2 Body + 8GB,,/Canon-EOS-5D-Mark-Digitalkamera/dp/B001G7PBIC/ref=sr_1_63?dchild=1&keywords=canon+5d&qid=1634576205&sr=8-63
PCTC Screen Protector Tempered Glass Compatible for Canon EOS 5DIV 5D IV 5D4 5DIII 5D III 5D3 5DV 5D5 (3 Packs) (5D III),8,/gp/slredirect/picassoRedirect.html/ref=pa_sp_btf_aps_sr_pg4_1?ie=UTF8&adId=A02765187FV9A5XX1OBF&url=%2FPCTC-Protector-Anti-Scratches-Fingerprint-Waterproof%2Fdp%2FB075F31ZQP%2Fref%3Dsr_1_64_sspa%3Fdchild%3D1%26keywords%3Dcanon%2B5d%26qid%3D1634576205%26sr%3D8-64-spons%26psc%3D1&qualifier=1634576205&id=3216508292047815&widgetName=sp_btf
